observed_att,n_draws,p_two_sided,null_sd,null_mean
0.0275659204188017,500,0.166,0.0196669429666328,0.00375492307778879
