observed_att,n_draws,n_screened,p_two_sided,null_sd,null_mean
0.0275659204188017,500,429,0.212,0.0258091646296439,0.00373570955471698
