spec,att,se,ci_lo,ci_hi,pct,t_stat
wa_spirits_excluded,-0.0289479347087233,,-0.0998048208796183,0.0382199019062732,-0.0285329571355437,
